<?xml version="1.0"?>
<document>

  <properties>
    <author email="bob.mcwhirter@redhat.com">bob mcwhirter</author>
    <title>jaxen</title>
  </properties>

  <body>

    <p> Jaxen is an open source XPath library written in
      Java. It is adaptable to many different object models,
      including DOM, XOM, dom4j, and JDOM. Is it also possible
      to write adapters that treat non-XML trees such as
      compiled Java byte code or Java beans as XML, thus
      enabling you to query these trees with XPath too. </p>

      <p>
      The current version is <strong>2.0.0</strong>.  This release requires Java 1.5 or later. If you're still using Java 1.4, try Jaxen 1.2.0. 
      If you're still using Java 1.3 or earlier, try Jaxen 1.1.6. 
      </p>

<p>Jaxen's Maven group ID is <code>jaxen</code> and its artifact ID is <code>jaxen</code>. To add a dependency on jaxen using Maven, add this <code>dependency</code> element to your pom.xml:</p>

<pre><code>&lt;dependency>
  &lt;groupId>jaxen&lt;/groupId>
  &lt;artifactId>jaxen-core&lt;/artifactId>
  &lt;version>2.0.0&lt;/version>
&lt;/dependency></code></pre>

To add a dependency using Gradle:

<pre><code>gradle
dependencies {
  compile 'jaxen:jaxen-core:2.0.0'
}</code></pre>

<p>
If you're using any object model other than DOM, you should also add the navigator for the model:
</p>

<ul>
<li>jaxen:jdom-navigator:2.0.0</li>
<li>jaxen:xom-navigator:2.0.0</li>
<li>jaxen:dom4j-navigator:2.0.0</li>
<li>jaxen:javabean-navigator:2.0.0</li>
</ul>

    <section name="Getting Started">
      <p>You browse the
        <a href="faq.html">FAQ</a> or the online 
        <a href="apidocs/index.html">JavaDoc</a>.
      </p>      
    </section>
    
    <section name="News">
      <p>
       <a href="http://www.xom.nu/">XOM 1.3.2</a> bundles Jaxen 1.2.0.
      </p>

      <p>
        Sun chose Jaxen for the XPath engine for the <acronym title="Java Server Pages">JSP</acronym> 
        Standard Tag Library (<acronym>JSTL</acronym>) and the Java Web Services Developer Pack 1.0 and 1.1.
      </p>

      <p>
        Since the reference implementation of 
        Java API for XML Messaging
        is based on <a href="http://dom4j.org">dom4j</a> and Jaxen, you can use
        Jaxen to query SOAP messages on the Java platform too!
      </p>

      <p>
        Check out Elliotte Rusty Harold's book chapter on XPath and 
        <a href="http://cafeconleche.org/books/xmljava/chapters/ch16s07.html">Jaxen</a>
      </p>

      <p>
        Alex Chaffee wrote 
        <a href="http://sourceforge.net/projects/xpe">XPath Explorer</a> 
        to help visualize results of XPath expressions.
      </p>
    </section>

  </body>
</document>
