<?xml version="1.0"?>
<document url="http://www.cafeconleche.org/jaxen/status.html">

  <properties>
    <author email="bob.mcwhirter@redhat.com">bob mcwhirter</author>
    <title>Status</title>
  </properties>

  <body>
    
    <section name="Change History">


   <section name="Jaxen 2.0.0">

      <p>
         Jaxen 2.0.0 (BETA) now requires Java 1.5 or later. 
         It fixes one obscure bug in XPath evaluation found through fuzz testing. 
         It removes most of the deprecated <code>org.jaxen.pattern</code> package. Otherwise it should be fully API compatible with code written to Java 1.1.
      </p>

      <p>
        The biggest change in 2.0.0 is in Maven coordinates. The various navigators
        except for DOM have been split into separate artifacts. This avoids many
        unnecessary dependencies and breaks many dependency cycles. The new Maven coordinates are:
      </p>

      <ul>
       <li>jaxen:jaxen-core:2.0.0 - mandatory classes including a navigator for DOM.</li>
       <li>jaxen:jdom-navigator:2.0.0 - support for JDOM 1.0. Unnecessary if you're not using JDOM.</li>
       <li>jaxen:dom4j-navigator:2.0.0 - support for dom4j 1.x. Unnecessary if you're not using dom4j.</li>
       <li>jaxen:xom-navigator:2.0.0 - support for XOM 1.x. Unnecessary if you're not using XOM.</li>
       <li>jaxen:javabean-navigator:2.0.0 - support for querying JavaBeans. Unnecessary if you're not using org.jaxen.javabean.</li>
      </ul>

      <p>However this does introduce the risk of diamond dependency conflicts since it 
      is now possible to have multiple jars containing the same classes in your classpath. You may wish to exclude jaxen:jaxen in your build system. 
      </p>

    </section>


   <section name="Jaxen 1.2.0">

      <p>
         Jaxen 1.2.0 now requires Java 1.4 or later and is compatible with Java 9 and later. It no longer bundles any of the org.w3c.dom classes. It also deprecates the <code>org.jaxen.pattern</code> package. It should be fully compatible with code written to Java 1.1.
         There were also a number of internal changes to account for the demise of codehaus.
      </p>

    </section>


   <section name="Jaxen 1.1.6">

      <p>
         Jaxen 1.1.6 fixes several bugs in the handling of IEEE-754 -0.
      </p>
      

    </section>
    
    

   <section name="Jaxen 1.1.5">

      <p>
         Jaxen 1.1.5 is now compatible with Maven 3, and has a significantly reduced dependency tree when built with Maven 3. It also fixes one very remote bug in 
         boolean-to-number conversion that has probably never showed up in practice.
      </p>
      

    </section>

   <section name="Jaxen 1.1.4">

      <p>
         Jaxen 1.1.4 is now compatible with Java 7. It also fixes several bugs involving namespace nodes, and variable and function bindings 
         in the presence of the default namespace. 
      </p>
      

    </section>

   <section name="Jaxen 1.1.3">

      <p>
         Jaxen 1.1.3 fixes one bug involving non-element nodes and relational operators.  
      </p>
      

    </section>


   <section name="Jaxen 1.1.2">

      <p>
         Jaxen 1.1.2 fixes a few assorted minor bugs.  
      </p>
      

    </section>


   <section name="Jaxen 1.1.1">

      <p>
         Jaxen 1.1.1 fixes a number of minor bugs.  
      </p>
      

    </section>


   <section name="Jaxen 1.1.1">

      <p>
         Jaxen 1.1.1 fixes a number of minor bugs.  
      </p>
      

    </section>



   <section name="Jaxen 1.1">

      <p>
         Aside from the version number, 1.1 is identical to beta 12. 
      </p>
      

    </section>


     <section name="Jaxen 1.1 Beta 12">

      <p>
         Beta 12 contains a few small bug fixes including the removal of
         an unintentional Java 5 dependence, some more API documentation,
         a few small API changes (<code>getIterableAxis</code> now throws
         an exception rather than returning null on a bad axis constant;
         <code>getOperator</code> has been pulled up into <code>BinaryExpr</code>
         rather than its subclasses) and two major API changes:
      </p>
      
      <ul>
      <li>
         The <code>Visitor</code> interface, <code>VisitorSupport</code> class, 
         <code>XPath2XMLVisitor</code> class, and associated methods
         have been deleted because they were undocumented, untested, and 
         were tightly coupled to the underlying implementation. 
         They may return in the future if there's demand and
         <em>if someone volunteers to do or pay for the necessary work</em>
         to bring them up to the standards of the rest of the code base. 
      </li>
      <li>
         The <code>matrix-concat</code> extension function has been removed 
         because its license status was unclear, the originator could not be contacted,
         and it was undocumented and untested. If someone cares to reimplement it,
         it could be restored in the future. 
      </li>
      
      </ul>

    </section>
    
     <section name="Jaxen 1.1 Beta 11">

      <p>
         The primary impetus for beta 11 was fixing the build process so it once again generates source bundles. 
         A couple of small, almost cosmetic, bugs were also fixed. 
         If you haven't noticed any problems with beta 10, you can safely skip this iteration.
      </p>

    </section>

     <section name="Jaxen 1.1 Beta 10">

      <p>
         Beta 10 fixes an assortment of small issues.
      </p>

    </section>

     <section name="Jaxen 1.1 Beta 9">

      <p>
         Beta 9 contains some small optimizations,
         improvements to the documentation, and minor bug fixes.
         The license should now be the same across all the files.
      </p>

    </section>

     <section name="Jaxen 1.1 Beta 8">
    
      <p>Beta 8 fixes a couple of bugs in XPath evaluation
         and optimizes the code in several places. 
         The test suite has been expanded. 
      </p>

    </section>   
    
    <section name="Jaxen 1.1 Beta 7">
    
      <p>Beta 7 fixes a number of important bugs, especially 
      involving operator associativity, the <code>string</code> and <code>substring</code>
      functions, and the dom4j navigator. The various root exception classes
      (<code>JaxenException</code>, <code>JaxenRuntimeException</code>, and <code>SAXPathException</code>)
      and all their subclasses now support Java 1.4 exception chaining even in 1.3 and earlier VMs.
      The DOM navigator should compile and run in both Java 1.4 and 1.5 (i.e. DOM level 2 and 
      DOM Level 3). Namespace handling in DOM is more accurate.
      Paths can be begin with parenthesized steps like (//foo)/x.
      Beta 7 also features a reorganized, more modular
      test suite and expanded and improved API documentation.
      </p>

    </section>   
    
     <section name="Jaxen 1.1 Beta 6">
    
      <p>Beta 6 makes a few small bug fixes and code clean ups, including 
      removing an unintended dependence on Java 1.4. 
      Most importantly it removes a file
      (<code>IdentityHashMap</code>) that we do not have the right to redistribute.
      All prior betas of Jaxen 1.1 should be considered tainted,
      and not redistributed in any way. If your project uses 
      an earlier version, please remove it 
      and replace it with beta 6. Jaxen 1.0 is <strong>not</strong>
      affected by any of this. 
      </p>

    </section>   
    
      
     <section name="Jaxen 1.1 Beta 5">
    
      <p>Beta 5 makes a few small bug fixes and code clean ups, especially
      in the DOM navigator. It also restores some test files that were inadvertently 
      left out of the Beta 4 distribution.
      </p>

    </section>   
    
      
    <section name="Jaxen 1.1 Beta 4">
    
      <p>1.1 is a major upgrade that significantly improves Jaxen's conformance to the
         underlying XPath specs. Even though it's officially a beta, it is a vast 
         improvement over 1.0, and all users are strongly encouraged to upgrade.
         With a few small exceptions (e.g. the the document() function 
        has moved to  the org.jaxen.function.xslt package and 
        the ElectricXML navigator has been deleted) it is backwards compatible 
        with code written to the 1.0 APIs.
      </p>
    
      <p>The lang() function is now supported.</p>
      
      <p>All queries return nodes in the correct document order, without exception. </p>
      <p> ancestor::* and ancestor-or-self::* axes no longer include the document node</p>
      <p> NaN is handled properly.</p>
      <p> The mod operator works on floating point numbers.</p>
      <p>Navigators are now included for <a href="http://www.xom.nu">XOM</a>, HTML DOM, and JavaBeans. These are experimental and may not be included in the final release.
      </p>
    </section>   
    
    
    <section name="Jaxen 1.0 FCS">
      <p>Applied patch submitted by Shawn Bayern to fix the booleanValueOf() method.
      </p>
      <p>Added licenses to each source file and a proper manifest to the build at last ;-).
      </p>
    </section>
      
    <section name="Jaxen 1.0 RC1">
      <p>There is now an XPath interface in the org.jaxen package to represent any XPath implementation.
        So this means that the XPath API of Jaxen is now polymorphic, the same interface can work with 
        any model.
      </p>

      <p>
         This now means that the org.jaxen.* package represents a purely interface based API to any XPath
         engine. So it should be possible to implement XPath, FunctionContext, NamespaceContext, VariableContext
         on any XPath engine if so desired.
      </p>
      <p>The XPath implementation for each model has now got a fully qualified class name. 
        The following code describes how to instantiate an XPath object for each model.
<pre>
// for DOM
XPath xpath = new DOMXPath( "//foo" );

// for dom4j
XPath xpath = new Dom4jXPath( "//foo" );

// for JDOM
XPath xpath = new JDOMXPath( "//foo" );
</pre>
        </p>
        <p>The XPath.valueOf() method is now deprecated, XPath.stringValueOf() should be used instead.
        </p>
        <p>Added new extension functions kindly provided by Mark Wilson. They are as follows...
          <ul>
            <li>upper-case() - converts the first argument to an upper case string using either the default Locale or the Locale specified by the second parameter</li>
            <li>lower-case() - converts the first argument to a lower case string using either the default Locale or the Locale specified by the second parameter</li>
            <li>ends-with() - evaluates true if the first string ends with the postfix</li>
          </ul>
          <p>Locales can be specified either using a variable which is a Locale object or using an xml:lang style string
            which specifies the Locale via a language together with an optional country and variant such as 'fr', 'fr-CA' or 'es-ES-Traditional_WIN'.
            e.g.
          </p>
<pre>
upper-case( @foo, $myLocale )
upper-case( /foo/bar, 'fr' )
lower-case( foo, 'fr-CA' )
upper-case( @foo, 'es-ES-Traditional_WIN' )
</pre>
        </p>
        <p>The translate() function is now implemented - thanks to Jan for that!
        </p>
        <p>Some auxiliary implementation detail changes, which shouldn't affect the public API in any way are as follows
          <ul>
            <li>The org.jaxen.JaXPath class has been removed. Now that we have an org.jaxen.XPath interface it's no longer required.</li>
            <li>The org.jaxen.expr.XPath class has been renamed to org.jaxen.expr.XPathExpr to avoid confusion and to use a more consistent name.
            Similarly the DefaultXPath class has been renamed to DefaultXPathExpr as well.</li>
            <li>The very confusing jaSelect*() methods have gone from JaXPath and BaseXPath. All evaluation methods can take a Context object, null, a node or a node set.</li>
          </ul>
        </p>
       </section>
       
      <section name="Jaxen 1.0 beta 8">
        <p>
          Initial beta development cycle.  Please see
          CVS changelogs for up-to-date list of changes.
        </p>
       </section>

    <section name="To Do List">
      <ul>
        <li>Implement a GenericXPath which could use reflection on the nodes passed into it to
          choose the Navigator to use. So the same GenericXPath instance could be used
          to evaluate XPaths on any object. This feature would be particularly useful
          in <a href="http://jakarta.apache.org/taglibs/doc/standard-doc/intro.html">JSTL</a> 
          since it would allow web developers to mix and match any
          all XML models.
        </li>
        <li>Jaxen is already pretty 
        <a href="http://dom4j.org/benchmarks/xpath/index.html">fast</a>,
        but we are sure it could use some more tuning.
        </li>
        <li>selectSingleNode() and possibly the *ValueOf() methods should be return-fast
          as a performance improvement.
          For example selectSingleNode( "//foo" ) on a document with lots of &lt;foo/&gt;
          elements would actually create a full node-set of results then extract the first
          element - rather than just returning as soon as the first one is found.
        </li>
        <li>Better user guides and examples!
        </li>
        <li>Any Locale specific functions, such as <code>upper-case()</code> 
          and <code>lowercase-case()</code> could well follow the example of
          <a href="http://www.w3.org/TR/xquery-operators/#func-upper-case">XSLT 2.0</a>
          by using the <a href="http://www.unicode.org/unicode/reports/tr21/">Unicode case mappings</a>
        </li>
      </ul>
    </section>

    <section name="Known problems">    
      <ul>
        <li>The <code>id()</code> function is not implemented for most models, though it works fine for W3C DOM.</li>
      </ul>
    </section>

  </section>
  </body>
</document>
