<?xml version="1.0"?>
<document>

  <properties>
    <author>Elliotte Rusty Harold</author>
    <title>jaxen core</title>
  </properties>

  <body>

    <p> This is the Jaxen navigator for JDOM 1.x.</p>

      <p>
      The current version is <strong>2.0.0</strong>.  This release requires Java 1.5 or later. If you're still using Java 1.4, try Jaxen 1.2.0. 
      If you're still using Java 1.3 or earlier, try Jaxen 1.1.6. 
      </p>

<p>Jaxen's Maven group ID is <code>jaxen</code> and its artifact ID is <code>jaxen</code>. To use Jaxen with JDOM and Maven Maven, add this <code>dependency</code> element to your pom.xml:</p>

<pre><code>&lt;dependency>
  &lt;groupId>jaxen&lt;/groupId>
  &lt;artifactId>jaxen-core&lt;/artifactId>
  &lt;version>2.0.0&lt;/version>
&lt;/dependency>
&lt;dependency>
  &lt;groupId>jaxen&lt;/groupId>
  &lt;artifactId>jdom-navigator&lt;/artifactId>
  &lt;version>2.0.0&lt;/version>
&lt;/dependency>
</code></pre>

To add a dependency using Gradle:

<pre><code>
dependencies {
  compile 'jaxen:jaxen-core:2.0.0'
  compile 'jaxen:jdom-navigator:2.0.0'
}</code></pre>

  </body>
</document>
